"Year","Name","Position","Round","Pick","College","Conference","Games","Seasons","Height","Weight","40 Yard","Bench","Broad Jump","Shuttle","3 Cone","Vertical","Pass Att","Pass Completions","Pass Yds","Pass TD","Pass Int","Passer Rating","Rush Att","Rush Yds","Rush TD","Rec","Rec Yds","Rec TD","Solo Tackles","Ast Tackles","Total Tackles","Tackles for Loss","Sacks","Int","Int Return Yards","Int TD","Pass Deflection","Fumble Recovery","Fumble Return Yards","Fumble TD","Forced Fumbles","PRs","PR Yds","PR TD","KRs","KR Yds","KR TD","XPA","XP%","FGA","FG%","Punts","Punt Avg"
2017,"Rodney Adams","WR",5,170,"South Florida","American",38,4,73,189,4.44,8,125,4.28,6.98,29.5,0,0,0,0,0,0,39,370,7,134,1961,16,0,0,0,0,0,0,0,0,0,0,0,0,0,0,0,0,44,1123,1,0,0,0,0,0,0
2017,"Montravius Adams","DT",3,93,"Auburn","SEC",49,4,76,304,4.87,22,108,4.89,7.62,29,0,0,0,0,0,0,0,0,0,0,0,0,77,70,147,19.5,10.5,2,43,0,3,3,0,1,3,0,0,0,0,0,0,0,0,0,0,0,0
2017,"Jamal Adams","SS",1,6,"LSU","SEC",36,3,72,214,4.56,18,120,4.13,6.96,31.5,0,0,0,0,0,0,0,0,0,0,0,0,128,81,209,18,2,5,30,0,14,2,0,0,2,0,0,0,0,0,0,0,0,0,0,0,0
2017,"Quincy Adeboyejo","WR",0,0,"Mississippi","SEC",38,4,75,197,4.42,8,123,4.14,6.73,34.5,0,0,0,0,0,0,1,-1,0,106,1454,11,0,0,0,0,0,0,0,0,0,0,0,0,0,0,0,0,0,0,0,0,0,0,0,0,0
2017,"Jonathan Allen","DT",1,17,"Alabama","SEC",50,4,75,286,5,21,108,4.5,7.49,30,0,0,0,0,0,0,0,0,0,0,0,0,78,74,152,44.5,28,0,75,1,6,3,30,1,3,0,0,0,0,0,0,0,0,0,0,0,0
2017,"Brian Allen","CB",5,173,"Utah","Pac-12",26,3,75,215,4.48,15,117,4.34,6.64,34.5,0,0,0,0,0,0,0,0,0,0,0,0,44,18,62,4.5,1,5,0,0,9,0,0,0,1,0,0,0,0,0,0,0,0,0,0,0,0
2017,"Ryan Anderson","OLB",2,49,"Alabama","SEC",44,4,74,253,4.78,0,0,0,0,0,0,0,0,0,0,0,0,0,0,0,0,0,68,60,128,39.5,19,1,26,1,3,6,0,0,6,0,0,0,0,0,0,0,0,0,0,0,0
2017,"Alex Anzalone","OLB",3,76,"Florida","SEC",18,4,75,241,4.63,16,116,4.25,6.88,30.5,0,0,0,0,0,0,0,0,0,0,0,0,33,42,75,5,3,0,0,0,2,1,0,0,0,0,0,0,0,0,0,0,0,0,0,0,0
2017,"Isaac Asiata","OG",5,164,"Utah","Pac-12",0,0,75,323,5.34,35,102,4.93,7.83,25.5,0,0,0,0,0,0,0,0,0,0,0,0,0,0,0,0,0,0,0,0,0,0,0,0,0,0,0,0,0,0,0,0,0,0,0,0,0
2017,"Chidobe Awuzie","CB",2,60,"Colorado","Pac-12",48,4,72,202,4.43,16,132,4.14,6.81,34.5,0,0,0,0,0,0,0,0,0,0,0,0,212,53,265,25,9,3,40,0,25,3,0,0,6,0,0,0,0,0,0,0,0,0,0,0,0
2017,"Toby Baker","P",0,0,"Arkansas","SEC",25,3,75,210,0,0,0,0,0,0,0,0,0,0,0,0,0,0,0,0,0,0,0,0,0,0,0,0,0,0,0,0,0,0,0,0,0,0,0,0,0,0,0,0,0,101,43
2017,"Budda Baker","FS",2,36,"Washington","Pac-12",39,3,70,195,4.45,15,115,4.08,6.76,32.5,0,0,0,0,0,0,0,0,0,0,0,0,138,61,199,13,4,5,62,0,18,0,0,0,3,0,0,0,1,40,0,0,0,0,0,0,0
2017,"Zach Banner","OG",4,137,"Southern California","Pac-12",0,0,80,353,5.58,22,92,5.21,8.31,23.5,0,0,0,0,0,0,0,0,0,0,0,0,0,0,0,0,0,0,0,0,0,0,0,0,0,0,0,0,0,0,0,0,0,0,0,0,0
2017,"Derek Barnett","DE",1,14,"Tennessee","SEC",39,3,75,259,4.88,0,117,4.44,6.96,31,0,0,0,0,0,0,0,0,0,0,0,0,131,67,198,52,32,1,7,0,6,2,0,0,3,0,0,0,0,0,0,0,0,0,0,0,0
2017,"Tarell Basham","DE",3,80,"Ohio","MAC",50,4,76,269,4.7,15,119,4.35,7.27,31.5,0,0,0,0,0,0,0,0,0,0,0,0,75,77,152,38.5,27,0,0,0,5,1,0,0,5,0,0,0,0,0,0,0,0,0,0,0,0
2017,"C.J. Beathard","QB",3,104,"Iowa","Big Ten",40,4,74,219,0,0,113,0,0,31,782,454,5562,40,19,129.8,224,429,10,0,0,0,0,0,0,0,0,0,0,0,0,0,0,0,0,0,0,0,0,0,0,0,0,0,0,0,0
2017,"Kendell Beckwith","ILB",3,107,"LSU","SEC",44,4,74,243,0,20,0,0,0,0,0,0,0,0,0,0,0,0,0,0,0,0,124,139,263,24.5,7.5,1,29,1,8,3,0,0,3,0,0,0,0,0,0,0,0,0,0,0,0
2017,"Vince Biegel","OLB",4,108,"Wisconsin","Big Ten",36,4,75,246,4.67,21,118,4.3,6.92,33.5,0,0,0,0,0,0,0,0,0,0,0,0,88,43,131,28.5,15,0,0,0,3,0,0,0,2,0,0,0,0,0,0,0,0,0,0,0,0
2017,"Adam Bisnowaty","OT",6,200,"Pittsburgh","ACC",0,0,78,304,5.23,23,96,4.94,8.02,29.5,0,0,0,0,0,0,0,0,0,0,0,0,0,0,0,0,0,0,0,0,0,0,0,0,0,0,0,0,0,0,0,0,0,0,0,0,0
2017,"Garrett Bolles","OT",1,20,"Utah","0",0,0,77,297,4.95,0,115,4.55,7.29,28,0,0,0,0,0,0,0,0,0,0,0,0,0,0,0,0,0,0,0,0,0,0,0,0,0,0,0,0,0,0,0,0,0,0,0,0,0
2017,"Ben Boulware","ILB",0,0,"Clemson","ACC",46,4,72,238,0,20,111,4.43,7.02,29.5,0,0,0,0,0,0,0,0,0,0,0,0,144,117,261,26.5,8,5,63,1,10,4,0,0,7,0,0,0,0,0,0,0,0,0,0,0,0
2017,"Tashawn Bower","OLB",0,0,"LSU","SEC",26,4,77,250,4.82,20,121,4.37,7.2,31.5,0,0,0,0,0,0,0,0,0,0,0,0,22,38,60,12,5.5,0,0,0,2,0,0,0,2,0,0,0,0,0,0,0,0,0,0,0,0
2017,"Tyus Bowser","OLB",2,47,"Houston","American",43,4,75,247,4.65,21,127,0,6.75,37.5,0,0,0,0,0,0,0,0,0,0,0,0,70,67,137,28,22.5,2,14,0,9,2,0,0,3,0,0,0,0,0,0,0,0,0,0,0,0
2017,"Ben Braden","OG",0,0,"Michigan","Big Ten",0,0,78,329,5.04,25,102,4.9,7.85,28,0,0,0,0,0,0,0,0,0,0,0,0,0,0,0,0,0,0,0,0,0,0,0,0,0,0,0,0,0,0,0,0,0,0,0,0,0
2017,"Caleb Brantley","DT",6,185,"Florida","SEC",31,3,75,307,5.14,21,105,4.62,7.66,27,0,0,0,0,0,0,0,0,0,0,0,0,33,47,80,20.5,5.5,0,0,0,0,1,0,0,3,0,0,0,0,0,0,0,0,0,0,0,0
2017,"Pharaoh Brown","TE",0,0,"Oregon","Pac-12",36,4,78,255,0,24,0,0,0,34,0,0,0,0,0,0,0,0,0,70,1011,13,0,0,0,0,0,0,0,0,0,0,0,0,0,0,0,0,2,7,0,0,0,0,0,0,0
2017,"Noah Brown","WR",7,239,"Ohio State","Big Ten",14,2,74,222,0,19,0,4.33,7.07,0,0,0,0,0,0,0,1,-4,0,33,411,7,0,0,0,0,0,0,0,0,0,0,0,0,0,0,0,0,1,23,0,0,0,0,0,0,0
2017,"Jayon Brown","ILB",5,155,"UCLA","Pac-12",33,4,72,231,4.7,17,120,0,0,31.5,0,0,0,0,0,0,0,0,0,0,0,0,135,87,222,9,3,3,32,0,12,4,0,0,1,0,0,0,5,42,0,0,0,0,0,0,0
2017,"Fadol Brown","DE",0,0,"Mississippi","SEC",30,3,76,273,4.94,19,115,4.44,7.24,34,0,0,0,0,0,0,0,0,0,0,0,0,43,66,109,15.5,4,0,0,0,0,0,0,0,0,0,0,0,0,0,0,0,0,0,0,0,0
2017,"Blair Brown","ILB",5,148,"Ohio","MAC",42,4,71,238,4.65,0,124,4.18,6.92,37,0,0,0,0,0,0,0,0,0,0,0,0,151,115,266,25.5,5.5,0,0,0,3,0,0,0,2,0,0,0,0,0,0,0,0,0,0,0,0
2017,"Daniel Brunskill","OT",0,0,"San Diego State","MWC",0,0,77,273,0,17,106,4.84,7.9,28,0,0,0,0,0,0,0,0,0,0,0,0,0,0,0,0,0,0,0,0,0,0,0,0,0,0,0,0,0,0,0,0,0,0,0,0,0
2017,"Collin Buchanan","OT",0,0,"Miami (OH)","0",0,0,77,316,0,23,97,0,0,25,0,0,0,0,0,0,0,0,0,0,0,0,0,0,0,0,0,0,0,0,0,0,0,0,0,0,0,0,0,0,0,0,0,0,0,0,0
2017,"Riley Bullough","ILB",0,0,"Michigan State","Big Ten",34,4,74,226,0,20,116,0,0,31.5,0,0,0,0,0,0,0,0,0,0,0,0,61,93,154,12.5,5,4,60,1,1,2,0,0,0,0,0,0,2,23,0,0,0,0,0,0,0
2017,"Harrison Butker","K",7,233,"Georgia Tech","ACC",52,4,76,199,0,0,0,0,0,0,0,0,0,0,0,0,0,0,0,0,0,0,0,0,0,0,0,0,0,0,0,0,0,0,0,0,0,0,0,0,0,210,99,60,71.7,0,0
2017,"Jake Butt","TE",5,145,"Michigan","Big Ten",43,4,77,246,0,0,0,0,0,0,0,0,0,0,0,0,0,2,0,138,1646,11,0,0,0,0,0,0,0,0,0,0,0,0,0,0,0,0,0,0,0,0,0,0,0,0,0
2017,"K.D. Cannon","WR",0,0,"Baylor","Big 12",38,3,71,182,4.41,13,119,0,0,37,0,0,0,0,0,0,3,14,0,195,3113,27,0,0,0,0,0,0,0,0,0,0,0,0,0,0,0,0,7,114,0,0,0,0,0,0,0
2017,"Josh Carraway","DE",7,227,"Texas Christian","Big 12",37,3,75,242,4.74,25,120,4.44,7.2,29.5,0,0,0,0,0,0,0,0,0,0,0,0,63,69,132,26.5,18,1,33,1,2,4,56,1,3,0,0,0,0,0,0,0,0,0,0,0,0
2017,"Chris Carson","RB",7,249,"Oklahoma State","Big 12",21,2,72,218,4.58,23,130,0,0,37,0,0,0,0,0,0,213,1076,13,30,298,1,0,0,0,0,0,0,0,0,0,0,0,0,0,0,0,0,0,0,0,0,0,0,0,0,0
2017,"Jamal Carter","SS",0,0,"Miami (FL)","ACC",43,4,73,218,4.64,19,122,0,0,35,0,0,0,0,0,0,0,0,0,0,0,0,95,69,164,2.5,0,2,48,0,10,1,0,0,1,0,0,0,4,60,0,0,0,0,0,0,0
2017,"Cethan Carter","TE",0,0,"Nebraska","Big Ten",30,4,75,241,4.68,19,0,0,0,0,0,0,0,0,0,0,5,82,1,59,744,4,0,0,0,0,0,0,0,0,0,0,0,0,0,0,0,0,0,0,0,0,0,0,0,0,0
2017,"Taco Charlton","DE",1,28,"Michigan","Big Ten",33,4,78,277,4.92,25,116,4.39,7.17,33,0,0,0,0,0,0,0,0,0,0,0,0,56,35,91,28,19,0,0,0,2,0,0,0,1,0,0,0,0,0,0,0,0,0,0,0,0
2017,"Jehu Chesson","WR",4,139,"Michigan","Big Ten",45,4,75,204,4.47,10,132,4.09,6.7,35.5,0,0,0,0,0,0,22,219,3,114,1639,12,0,0,0,0,0,0,0,0,0,0,0,0,0,0,0,0,6,202,1,0,0,0,0,0,0
2017,"Jeremy Clark","CB",6,197,"Michigan","Big Ten",23,3,75,220,0,20,0,0,0,0,0,0,0,0,0,0,0,0,0,0,0,0,32,18,50,0,0,3,20,0,6,0,0,0,0,0,0,0,0,0,0,0,0,0,0,0,0
2017,"Chuck Clark","FS",6,186,"Virginia Tech","ACC",49,4,72,208,4.54,16,122,4.07,6.85,34,0,0,0,0,0,0,0,0,0,0,0,0,170,122,292,14,2.5,2,37,0,20,0,0,0,1,0,0,0,0,0,0,0,0,0,0,0,0
2017,"Corey Clement","RB",0,0,"Wisconsin","Big Ten",39,4,70,220,4.68,19,115,0,0,28.5,0,0,0,0,0,0,576,3092,36,29,279,2,0,0,0,0,0,0,0,0,0,0,0,0,0,1,4,0,2,28,0,0,0,0,0,0,0
2017,"Chunky Clements","DT",0,0,"Illinois","Big Ten",37,4,74,301,0,23,0,0,0,0,0,0,0,0,0,0,0,0,0,0,0,0,43,56,99,26.5,6,0,0,0,5,1,0,0,3,0,0,0,0,0,0,0,0,0,0,0,0
2017,"Stacy Coley","WR",7,219,"Miami (FL)","ACC",48,4,73,195,4.45,10,122,0,0,34,0,0,0,0,0,0,8,125,1,166,2218,20,0,0,0,0,0,0,0,0,0,0,0,0,0,25,325,0,47,1142,1,0,0,0,0,0,0
2017,"Aviante Collins","OG",0,0,"Texas Christian","Big 12",0,0,76,295,4.81,34,0,0,0,0,0,0,0,0,0,0,0,0,0,0,0,0,0,0,0,0,0,0,0,0,0,0,0,0,0,0,0,0,0,0,0,0,0,0,0,0,0
2017,"Gareon Conley","CB",1,24,"Ohio State","Big Ten",35,3,72,195,4.44,11,129,4.18,6.68,37,0,0,0,0,0,0,0,0,0,0,0,0,66,25,91,1,0.5,6,0,0,15,0,0,0,0,0,0,0,0,0,0,0,0,0,0,0,0
2017,"James Conner","RB",3,105,"Pittsburgh","ACC",39,4,73,233,4.65,20,113,0,0,29,0,0,0,0,0,0,668,3733,52,30,412,4,0,0,0,0,0,0,0,0,0,0,0,0,0,0,0,0,0,0,0,0,0,0,0,0,0
2017,"Dalvin Cook","RB",2,41,"Florida State","ACC",38,3,70,210,4.49,22,116,4.53,7.27,30.5,0,0,0,0,0,0,687,4464,46,79,935,2,0,0,0,0,0,0,0,0,0,0,0,0,0,0,0,0,0,0,0,0,0,0,0,0,0
2017,"Zach Cunningham","OLB",2,57,"Vanderbilt","SEC",32,3,75,234,4.67,15,125,4.29,7.03,35,0,0,0,0,0,0,0,0,0,0,0,0,156,100,256,36,6,0,0,0,6,7,0,0,6,0,0,0,0,0,0,0,0,0,0,0,0
2017,"Darrell Daniels","TE",0,0,"Washington","Pac-12",28,4,75,247,4.55,17,116,4.47,7.09,32,0,0,0,0,0,0,0,0,0,47,728,5,0,0,0,0,0,0,0,0,0,0,0,0,0,0,0,0,0,0,0,0,0,0,0,0,0
2017,"Amara Darboh","WR",3,106,"Michigan","Big Ten",37,3,74,214,4.45,17,124,0,0,36,0,0,0,0,0,0,2,2,0,151,2062,14,0,0,0,0,0,0,0,0,0,0,0,0,0,0,0,0,3,23,0,0,0,0,0,0,0
2017,"Robert Davis","WR",6,209,"Georgia State","Sun Belt",49,4,75,219,4.44,19,136,4.28,6.82,41,0,0,0,0,0,0,1,3,0,222,3391,17,0,0,0,0,0,0,0,0,0,0,0,0,0,0,0,0,0,0,0,0,0,0,0,0,0
2017,"Kevin Davis","ILB",0,0,"Colorado State","MWC",37,4,74,235,4.91,11,110,4.38,7.18,30.5,0,0,0,0,0,0,0,0,0,0,0,0,140,117,257,27,7,2,17,0,5,2,1,1,4,0,0,0,0,0,0,0,0,0,0,0,0
2017,"Justin Davis","RB",0,0,"Southern California","Pac-12",43,4,73,208,0,21,0,0,0,0,0,0,0,0,0,0,461,2465,19,46,400,2,0,0,0,0,0,0,0,0,0,0,0,0,0,0,0,0,11,211,0,0,0,0,0,0,0
2017,"Jarrad Davis","ILB",1,21,"Florida","SEC",38,4,73,238,0,0,0,0,0,0,0,0,0,0,0,0,0,0,0,0,0,0,106,95,201,20,5.5,1,0,0,9,0,0,0,2,0,0,0,1,4,0,0,0,0,0,0,0
2017,"Corey Davis","WR",1,5,"Western Michigan","MAC",50,4,75,209,0,0,0,0,0,0,0,0,0,0,0,0,3,13,0,331,5278,52,0,0,0,0,0,0,0,0,0,0,0,0,0,0,0,0,1,0,0,0,0,0,0,0,0
2017,"Dion Dawkins","OG",2,63,"Temple","American",0,0,76,314,5.11,26,106,4.78,7.3,26,0,0,0,0,0,0,0,0,0,0,0,0,0,0,0,0,0,0,0,0,0,0,0,0,0,0,0,0,0,0,0,0,0,0,0,0,0
2017,"Matthew Dayes","RB",7,252,"North Carolina State","ACC",45,4,69,205,4.47,18,109,0,0,28,0,0,0,0,0,0,550,2856,34,98,937,6,0,0,0,0,0,0,0,0,0,0,0,0,0,0,0,0,28,509,0,0,0,0,0,0,0
2017,"Treston DeCoud","CB",5,169,"Oregon State","Pac-12",22,2,74,206,4.62,11,116,0,0,31,0,0,0,0,0,0,0,0,0,0,0,0,77,31,108,5.5,1,2,13,0,15,0,0,1,0,0,0,0,0,0,0,0,0,0,0,0,0
2017,"J.J. Dielman","OT",5,176,"Utah","Pac-12",0,0,77,309,0,27,0,0,0,0,0,0,0,0,0,0,0,0,0,0,0,0,0,0,0,0,0,0,0,0,0,0,0,0,0,0,0,0,0,0,0,0,0,0,0,0,0
2017,"Joshua Dobbs","QB",4,135,"Tennessee","SEC",37,4,75,216,4.64,0,122,4.31,6.75,33,999,614,7138,53,29,133.2,438,2160,32,2,62,2,0,0,0,0,0,0,0,0,0,0,0,0,0,0,0,0,0,0,0,0,0,0,0,0,0
2017,"Rasul Douglas","CB",3,99,"West Virginia","Big 12",18,2,74,209,4.59,16,120,4.26,6.97,33.5,0,0,0,0,0,0,0,0,0,0,0,0,55,22,77,3.5,1,9,101,1,9,0,0,0,2,0,0,0,0,0,0,0,0,0,0,0,0
2017,"Malachi Dupre","WR",7,247,"LSU","SEC",31,3,74,196,4.52,11,135,4.26,7.19,39.5,0,0,0,0,0,0,0,0,0,98,1609,14,0,0,0,0,0,0,0,0,0,0,0,0,0,0,0,0,0,0,0,0,0,0,0,0,0
2017,"Travin Dural","WR",0,0,"LSU","SEC",38,4,73,202,4.57,0,116,4.55,7.29,30.5,0,0,0,0,0,0,14,122,0,100,1716,13,0,0,0,0,0,0,0,0,0,0,0,0,0,0,0,0,4,12,0,0,0,0,0,0,0
2017,"Ken Ekanem","DE",0,0,"Virginia Tech","ACC",41,4,75,257,4.88,0,115,4.58,7.38,30.5,0,0,0,0,0,0,0,0,0,0,0,0,65,66,131,34,22.5,0,0,0,6,0,0,0,2,0,0,0,0,0,0,0,0,0,0,0,0
2017,"Corn Elder","CB",5,152,"Miami (FL)","ACC",43,4,70,183,4.55,0,0,0,0,0,0,0,0,0,0,0,0,0,0,0,0,0,117,41,158,11.5,6,3,49,0,27,5,0,0,1,12,333,1,12,152,1,0,0,0,0,0,0
2017,"Pat Elflein","C",3,70,"Ohio State","0",0,0,75,303,5.32,22,99,4.71,7.94,23.5,0,0,0,0,0,0,0,0,0,0,0,0,0,0,0,0,0,0,0,0,0,0,0,0,0,0,0,0,0,0,0,0,0,0,0,0,0
2017,"Jake Elliott","K",5,153,"Memphis","American",51,4,69,167,4.79,0,0,0,0,0,0,0,0,0,0,0,0,0,0,0,0,0,0,0,0,0,0,0,0,0,0,0,0,0,0,0,0,0,0,0,0,202,100,104,77.9,0,0
2017,"Brooks Ellis","ILB",0,0,"Arkansas","SEC",44,4,74,240,4.79,18,115,4.25,6.8,29.5,0,0,0,0,0,0,0,0,0,0,0,0,126,164,290,22.5,3.5,4,138,1,14,2,0,0,2,0,0,0,0,0,0,0,0,0,0,0,0
2017,"Jermaine Eluemunor","OG",5,159,"Texas A&M","0",0,0,76,332,5.22,34,0,0,0,0,0,0,0,0,0,0,0,0,0,0,0,0,0,0,0,0,0,0,0,0,0,0,0,0,0,0,0,0,0,0,0,0,0,0,0,0,0
2017,"Evan Engram","TE",1,23,"Mississippi","SEC",41,4,75,234,4.42,19,125,4.23,6.92,36,0,0,0,0,0,0,0,0,0,162,2320,15,0,0,0,0,0,0,0,0,0,0,0,0,0,0,0,0,0,0,0,0,0,0,0,0,0
2017,"Amba Etta-Tawo","WR",0,0,"Syracuse","ACC",26,3,73,208,4.49,14,126,4.32,6.95,31,0,0,0,0,0,0,0,0,0,94,1482,14,0,0,0,0,0,0,0,0,0,0,0,0,0,0,0,0,0,0,0,0,0,0,0,0,0
2017,"Justin Evans","SS",2,50,"Texas A&M","SEC",25,2,72,199,0,14,0,0,0,0,0,0,0,0,0,0,0,0,0,0,0,0,99,66,165,6,0,5,0,0,11,0,0,0,0,0,0,0,17,474,0,0,0,0,0,0,0
2017,"Jerod Evans","QB",0,0,"Virginia Tech","ACC",14,1,75,232,4.8,0,112,4.41,0,26.5,422,268,3552,29,8,153.1,204,846,12,0,0,0,0,0,0,0,0,0,0,0,0,0,0,0,0,0,0,0,0,0,0,0,0,0,0,0,0
2017,"Gerald Everett","TE",2,44,"South Alabama","Sun Belt",31,3,75,239,4.62,22,126,4.33,6.99,37.5,0,0,0,0,0,0,8,7,4,90,1292,12,0,0,0,0,0,0,0,0,0,0,0,0,0,0,0,0,0,0,0,0,0,0,0,0,0
2017,"Dan Feeney","OG",3,71,"Indiana","0",0,0,76,305,5.24,26,101,4.68,7.52,28,0,0,0,0,0,0,0,0,0,0,0,0,0,0,0,0,0,0,0,0,0,0,0,0,0,0,0,0,0,0,0,0,0,0,0,0,0
2017,"Devonte Fields","OLB",0,0,"Louisville","ACC",39,4,74,236,4.72,0,124,4.5,7.4,34,0,0,0,0,0,0,0,0,0,0,0,0,69,39,108,31,16.5,1,0,0,6,1,0,0,2,0,0,0,0,0,0,0,0,0,0,0,0
2017,"Johnathan Ford","FS",0,0,"Auburn","SEC",44,4,71,205,0,20,0,0,0,0,0,0,0,0,0,0,0,0,0,0,0,0,176,104,280,12.5,2,5,66,1,11,1,0,0,3,0,0,0,24,574,0,0,0,0,0,0,0
2017,"Isaiah Ford","WR",7,237,"Virginia Tech","ACC",39,3,73,194,4.61,14,127,4.34,6.94,35.5,0,0,0,0,0,0,17,84,0,210,2967,24,0,0,0,0,0,0,0,0,0,0,0,0,0,0,0,0,0,0,0,0,0,0,0,0,0
2017,"D'Onta Foreman","RB",3,89,"Texas","Big 12",27,3,72,233,0,18,0,0,0,0,0,0,0,0,0,0,431,2774,20,13,146,0,0,0,0,0,0,0,0,0,0,0,0,0,0,0,0,0,2,30,0,0,0,0,0,0,0
2017,"Reuben Foster","ILB",1,31,"Alabama","SEC",39,3,72,229,0,0,0,0,0,0,0,0,0,0,0,0,0,0,0,0,0,0,120,91,211,23,7,0,0,0,9,0,0,0,0,0,0,0,0,0,0,0,0,0,0,0,0
2017,"Leonard Fournette","RB",1,4,"LSU","SEC",32,3,72,240,4.51,0,0,0,0,28.5,0,0,0,0,0,0,616,3830,40,41,526,1,0,0,0,0,0,0,0,0,0,0,0,0,0,0,0,0,24,625,1,0,0,0,0,0,0
2017,"Kyle Fuller","C",7,243,"Baylor","0",0,0,77,307,5.24,23,96,4.84,7.71,26,0,0,0,0,0,0,0,0,0,0,0,0,0,0,0,0,0,0,0,0,0,0,0,0,0,0,0,0,0,0,0,0,0,0,0,0,0
2017,"Wayne Gallman","RB",4,140,"Clemson","ACC",42,3,72,215,4.6,21,120,4.28,7.17,29.5,0,0,0,0,0,0,675,3416,34,66,486,2,0,0,0,0,0,0,0,0,0,0,0,0,0,0,0,0,0,0,0,0,0,0,0,0,0
2017,"Antonio Garcia","OT",3,85,"Troy","Sun Belt",0,0,78,302,5.15,24,108,4.94,7.98,31,0,0,0,0,0,0,0,0,0,0,0,0,0,0,0,0,0,0,0,0,0,0,0,0,0,0,0,0,0,0,0,0,0,0,0,0,0
2017,"Myles Garrett","DE",1,1,"Texas A&M","SEC",34,3,76,272,4.64,33,128,0,0,41,0,0,0,0,0,0,0,0,0,0,0,0,81,60,141,47,31,1,4,0,5,1,0,0,7,0,0,0,1,3,0,0,0,0,0,0,0
2017,"Davon Gaudchaux","DT",5,178,"LSU","SEC",35,3,75,310,5.27,18,0,0,0,0,0,0,0,0,0,0,0,0,0,0,0,0,51,88,139,19,12.5,0,0,0,3,2,0,0,2,0,0,0,0,0,0,0,0,0,0,0,0
2017,"Ben Gedeon","ILB",4,120,"Michigan","Big Ten",40,4,74,244,4.75,27,119,4.13,6.98,34.5,0,0,0,0,0,0,0,0,0,0,0,0,81,83,164,20.5,6.5,0,0,0,2,0,0,0,0,0,0,0,1,32,1,0,0,0,0,0,0
2017,"Avery Gennesy","OG",0,0,"Texas A&M","0",0,0,75,318,5.35,24,91,5,8.08,20,0,0,0,0,0,0,0,0,0,0,0,0,0,0,0,0,0,0,0,0,0,0,0,0,0,0,0,0,0,0,0,0,0,0,0,0,0
2017,"Nate Gerry","SS",5,184,"Nebraska","Big Ten",48,4,74,218,4.58,17,122,0,0,30.5,0,0,0,0,0,0,0,0,0,0,0,0,163,110,273,19,2,13,200,0,19,1,0,0,3,0,0,0,0,0,0,0,0,0,0,0,0
2017,"Shelton Gibson","WR",5,166,"West Virginia","Big 12",32,3,71,191,4.5,8,118,4.2,6.83,32,0,0,0,0,0,0,2,29,0,84,1898,17,0,0,0,0,0,0,0,0,0,0,0,0,0,0,0,0,53,1244,1,0,0,0,0,0,0
2017,"Ryan Glasgow","DT",4,138,"Michigan","Big Ten",30,4,75,302,5.13,20,105,4.5,7.55,27.5,0,0,0,0,0,0,0,0,0,0,0,0,38,39,77,13.5,4,0,0,0,1,1,0,0,2,0,0,0,0,0,0,0,0,0,0,0,0
2017,"Chris Godwin","WR",3,84,"Penn State","Big Ten",39,3,73,209,4.42,19,126,4,7.01,36,0,0,0,0,0,0,3,14,0,154,2421,18,0,0,0,0,0,0,0,0,0,0,0,0,0,0,0,0,0,0,0,0,0,0,0,0,0
2017,"Kenny Golladay","WR",3,96,"Northern Illinois","MAC",26,2,76,218,4.5,18,120,4.15,7,35.5,0,0,0,0,0,0,29,206,3,160,2285,18,0,0,0,0,0,0,0,0,0,0,0,0,0,0,0,0,2,4,0,0,0,0,0,0,0
2017,"Zane Gonzalez","K",7,224,"Arizona State","Pac-12",51,4,72,202,0,0,0,0,0,0,0,0,0,0,0,0,0,0,0,0,0,0,0,0,0,0,0,0,0,0,0,0,0,0,0,0,0,0,0,0,0,209,97.6,116,82.8,0,0
2017,"Shaquill Griffin","CB",3,90,"Central Florida","American",34,4,72,194,4.38,17,132,4.14,6.87,38.5,0,0,0,0,0,0,0,0,0,0,0,0,79,34,113,3,0,6,168,2,27,1,0,0,0,0,0,0,0,0,0,0,0,0,0,0,0
2017,"Nate Hairston","CB",5,158,"Temple","American",32,4,72,196,4.52,14,118,0,0,35.5,0,0,0,0,0,0,0,0,0,0,0,0,31,9,40,3,0,2,29,0,4,0,0,0,0,0,0,0,1,12,0,0,0,0,0,0,0
2017,"Daeshon Hall","DE",3,77,"Texas A&M","SEC",42,4,77,266,4.76,18,123,4.38,7.03,36,0,0,0,0,0,0,0,0,0,0,0,0,67,91,158,35.5,14,1,54,0,3,2,0,0,4,0,0,0,0,0,0,0,0,0,0,0,0
2017,"Chad Hansen","WR",4,141,"California","Pac-12",17,2,74,202,4.53,11,119,4.13,6.74,35,0,0,0,0,0,0,0,0,0,111,1498,12,0,0,0,0,0,0,0,0,0,0,0,0,0,0,0,0,0,0,0,0,0,0,0,0,0
2017,"Sean Harlow","OG",4,136,"Oregon State","Pac-12",0,0,76,303,5.15,26,105,4.81,8.16,30.5,0,0,0,0,0,0,0,0,0,0,0,0,0,0,0,0,0,0,0,0,0,0,0,0,0,0,0,0,0,0,0,0,0,0,0,0,0
2017,"Charles Harris","DE",1,22,"Missouri","SEC",35,3,75,253,4.82,21,109,4.42,7.47,32,0,0,0,0,0,0,0,0,0,0,0,0,80,56,136,34.5,18,0,0,0,5,1,0,0,5,0,0,0,0,0,0,0,0,0,0,0,0
2017,"Josh Harvey-Clemons","SS",7,230,"Louisville","ACC",33,3,76,217,0,12,121,0,0,31.5,0,0,0,0,0,0,0,0,0,0,0,0,87,61,148,5,2,3,7,0,5,0,0,0,1,0,0,0,0,0,0,0,0,0,0,0,0
2017,"Keon Hatcher","WR",0,0,"Arkansas","SEC",47,5,73,212,4.64,16,0,0,0,0,0,0,0,0,0,0,21,259,1,130,1866,19,0,0,0,0,0,0,0,0,0,0,0,0,0,1,21,0,16,357,0,0,0,0,0,0,0
2017,"Carlos Henderson","WR",3,82,"Louisiana Tech","CUSA",36,3,71,199,4.46,13,131,4.35,7.18,36,0,0,0,0,0,0,32,259,2,147,2878,28,0,0,0,0,0,0,0,0,0,0,0,0,0,0,0,0,79,2094,3,0,0,0,0,0,0
2017,"Trey Hendrickson","DE",3,103,"Florida Atlantic","CUSA",36,4,76,266,4.65,0,122,4.2,7.03,33.5,0,0,0,0,0,0,0,0,0,0,0,0,68,57,125,41,29.5,0,0,0,3,2,0,0,7,0,0,0,0,0,0,0,0,0,0,0,0
2017,"Treyvon Hester","DT",7,244,"Toledo","MAC",45,4,74,300,0,0,0,0,0,0,0,0,0,0,0,0,0,0,0,0,0,0,77,84,161,32,13,0,0,0,4,2,0,0,4,0,0,0,0,0,0,0,0,0,0,0,0
2017,"Cole Hikutini","TE",0,0,"Louisville","ACC",23,2,76,247,0,20,0,0,0,0,0,0,0,0,0,0,0,0,0,69,1016,11,0,0,0,0,0,0,0,0,0,0,0,0,0,0,0,0,0,0,0,0,0,0,0,0,0
2017,"Delano Hill","FS",3,95,"Michigan","Big Ten",32,4,73,216,4.47,17,115,4.27,6.96,33.5,0,0,0,0,0,0,0,0,0,0,0,0,84,33,117,7,0,3,36,1,5,1,0,0,1,0,0,0,0,0,0,0,0,0,0,0,0
2017,"Brian Hill","RB",5,156,"Wyoming","MWC",37,3,73,219,4.54,15,125,4.32,7.03,34,0,0,0,0,0,0,775,4287,35,41,403,0,0,0,0,0,0,0,0,0,0,0,0,0,0,0,0,0,1,27,0,0,0,0,0,0,0
2017,"Bucky Hodges","TE",6,201,"Virginia Tech","ACC",39,3,78,257,4.57,18,134,4.45,0,39,0,0,0,0,0,0,21,89,1,133,1747,20,0,0,0,0,0,0,0,0,0,0,0,0,0,0,0,0,0,0,0,0,0,0,0,0,0
2017,"Colin Holba","LS",6,213,"Louisville","0",0,0,76,248,5.19,0,115,0,0,28,0,0,0,0,0,0,0,0,0,0,0,0,0,0,0,0,0,0,0,0,0,0,0,0,0,0,0,0,0,0,0,0,0,0,0,0,0
2017,"Will Holden","OT",5,157,"Vanderbilt","0",0,0,79,311,5.47,23,111,4.72,7.71,28,0,0,0,0,0,0,0,0,0,0,0,0,0,0,0,0,0,0,0,0,0,0,0,0,0,0,0,0,0,0,0,0,0,0,0,0,0
2017,"Mack Hollins","WR",4,118,"North Carolina","ACC",41,4,76,221,4.53,0,0,0,0,0,0,0,0,0,0,0,0,0,0,81,1667,20,0,0,0,0,0,0,0,0,0,0,0,0,0,0,0,0,0,0,0,0,0,0,0,0,0
2017,"Elijah Hood","RB",7,242,"North Carolina","ACC",33,3,72,232,0,18,0,0,0,0,0,0,0,0,0,0,430,2580,29,40,211,0,0,0,0,0,0,0,0,0,0,0,0,0,0,0,0,0,0,0,0,0,0,0,0,0,0
2017,"Malik Hooker","FS",1,15,"Ohio State","Big Ten",19,2,73,206,0,0,0,0,0,0,0,0,0,0,0,0,0,0,0,0,0,0,49,35,84,5.5,0.5,7,181,3,4,0,0,0,0,0,0,0,0,0,0,0,0,0,0,0,0
2017,"O.J. Howard","TE",1,19,"Alabama","SEC",46,4,78,251,4.51,22,121,4.16,6.85,30,0,0,0,0,0,0,0,0,0,114,1726,7,0,0,0,0,0,0,0,0,0,0,0,0,0,0,0,0,2,10,0,0,0,0,0,0,0
2017,"Bug Howard","WR",0,0,"North Carolina","ACC",36,3,76,221,4.58,0,119,4.14,6.95,37.5,0,0,0,0,0,0,0,0,0,124,1770,14,0,0,0,0,0,0,0,0,0,0,0,0,0,1,17,0,1,1,0,0,0,0,0,0,0
2017,"Marlon Humphrey","CB",1,16,"Alabama","SEC",29,2,72,197,4.41,10,125,0,6.75,0,0,0,0,0,0,0,0,0,0,0,0,0,61,20,81,6.5,0,5,46,1,13,0,0,0,3,0,0,0,0,0,0,0,0,0,0,0,0
2017,"Hayden Hunt","P",0,0,"Colorado State","MWC",50,4,72,212,0,0,0,0,0,0,0,0,0,0,0,0,0,0,0,0,0,0,0,0,0,0,0,0,0,0,0,0,0,0,0,0,0,0,0,0,0,0,0,0,0,227,43.8
2017,"Kareem Hunt","RB",3,86,"Toledo","MAC",44,4,70,216,4.62,18,119,0,0,36.5,0,0,0,0,0,0,782,4945,44,73,555,1,0,0,0,0,0,0,0,0,0,0,0,0,0,0,0,0,0,0,0,0,0,0,0,0,0
2017,"Rushel Shell III","RB",0,0,"West Virginia","Big 12",35,3,70,227,4.74,21,0,0,0,32.5,0,0,0,0,0,0,450,2010,20,49,341,0,0,0,0,0,0,0,0,0,0,0,0,0,0,1,3,0,3,61,0,0,0,0,0,0,0
2017,"Danny Isidora","OG",5,180,"Miami (FL)","ACC",0,0,75,306,5.03,26,94,4.9,8.13,29,0,0,0,0,0,0,0,0,0,0,0,0,0,0,0,0,0,0,0,0,0,0,0,0,0,0,0,0,0,0,0,0,0,0,0,0,0
2017,"Eddie Jackson","SS",4,112,"Alabama","SEC",38,4,72,201,0,10,0,0,0,0,0,0,0,0,0,0,0,0,0,0,0,0,94,32,126,7.5,1,9,303,3,12,3,0,0,2,0,0,0,11,253,2,0,0,0,0,0,0
2017,"Adoree Jackson","CB",1,18,"Southern California","Pac-12",39,3,70,186,4.42,0,122,0,0,36,0,0,0,0,0,0,0,0,0,0,0,0,113,26,139,6,0,6,67,1,28,2,0,0,3,46,578,4,79,2141,4,0,0,0,0,0,0
2017,"Rayshawn Jenkins","FS",4,113,"Miami (FL)","ACC",48,4,73,214,4.51,19,128,0,0,37,0,0,0,0,0,0,0,0,0,0,0,0,135,66,201,8.5,1.5,9,62,0,15,1,0,0,0,0,0,0,0,0,0,0,0,0,0,0,0
2017,"Roderick Johnson","OT",5,160,"Florida State","0",0,0,79,298,0,0,0,0,0,0,0,0,0,0,0,0,0,0,0,0,0,0,0,0,0,0,0,0,0,0,0,0,0,0,0,0,0,0,0,0,0,0,0,0,0,0,0
2017,"John Johnson","FS",0,0,"Boston College","Sun Belt",38,4,73,205,4.61,14,119,4.18,6.72,37,0,0,0,0,0,0,0,0,0,0,0,0,7,2,9,0,0,0,0,0,0,0,0,0,0,0,0,0,2,31,0,0,0,0,0,0,0
2017,"Jaleel Johnson","DT",4,109,"Iowa","Big Ten",34,4,75,316,5.38,19,100,4.62,7.64,28,0,0,0,0,0,0,0,0,0,0,0,0,54,59,113,18.5,12.5,0,0,0,3,1,0,0,0,0,0,0,0,0,0,0,0,0,0,0,0
2017,"Jadar Johnson","SS",0,0,"Clemson","ACC",41,4,72,206,4.6,19,119,4.2,6.9,33,0,0,0,0,0,0,0,0,0,0,0,0,68,30,98,5.5,1,9,144,1,9,0,0,0,1,0,0,0,1,24,0,0,0,0,0,0,0
2017,"Dorian Johnson","OG",4,115,"Pittsburgh","0",0,0,77,300,5.27,21,114,5.09,8.39,30,0,0,0,0,0,0,0,0,0,0,0,0,0,0,0,0,0,0,0,0,0,0,0,0,0,0,0,0,0,0,0,0,0,0,0,0,0
2017,"Cameron Johnston","P",0,0,"Ohio State","Big Ten",52,4,71,194,4.92,0,0,0,0,0,0,0,0,0,0,0,0,0,0,0,0,0,0,0,0,0,0,0,0,0,0,0,0,0,0,0,0,0,0,0,0,0,0,0,0,211,44.9
2017,"Sidney Jones","CB",2,43,"Washington","Pac-12",40,3,72,186,4.47,0,123,4.28,7.02,33.5,0,0,0,0,0,0,0,0,0,0,0,0,105,40,145,8.5,1,8,147,1,21,3,70,1,6,0,0,0,0,0,0,0,0,0,0,0,0
2017,"Nazair Jones","DT",3,102,"North Carolina","ACC",34,3,77,304,5.11,0,101,4.63,7.93,24.5,0,0,0,0,0,0,0,0,0,0,0,0,72,74,146,22,5,2,20,0,10,3,0,0,3,0,0,0,0,0,0,0,0,0,0,0,0
2017,"Josh Jones","SS",2,61,"North Carolina State","ACC",37,3,73,220,4.41,20,132,0,0,37.5,0,0,0,0,0,0,0,0,0,0,0,0,139,90,229,8.5,3.5,8,71,0,17,2,0,0,3,0,0,0,0,0,0,0,0,0,0,0,0
2017,"Jarron Jones","DT",0,0,"Notre Dame","Ind",43,4,78,316,5.33,22,0,0,0,20.5,0,0,0,0,0,0,0,0,0,0,0,0,71,51,122,20,4.5,1,5,0,5,2,0,0,3,0,0,0,0,0,0,0,0,0,0,0,0
2017,"D.J. Jones","DT",0,0,"Mississippi","MAC",24,4,73,319,5.04,25,108,4.65,7.73,28.5,0,0,0,0,0,0,0,0,0,0,0,0,3,1,4,0.5,0.5,0,0,0,0,0,0,0,0,0,0,0,0,0,0,0,0,0,0,0,0
2017,"Aaron Jones","RB",5,182,"Texas-El Paso","CUSA",35,4,69,208,4.56,16,127,4.2,6.82,37.5,0,0,0,0,0,0,658,4114,33,71,646,7,0,0,0,0,0,0,0,0,0,0,0,0,0,0,0,0,0,0,0,0,0,0,0,0,0
2017,"Deatrich Wise Jr.","DE",4,131,"Arkansas","SEC",41,4,77,274,4.92,22,124,0,0,33,0,0,0,0,0,0,0,0,0,0,0,0,51,61,112,23,16.5,0,0,0,6,1,0,0,4,0,0,0,0,0,0,0,0,0,0,0,0
2017,"Greg Ward Jr.","WR",0,0,"Houston","American",49,4,71,186,0,10,0,0,0,0,0,0,0,0,0,0,557,2381,39,25,228,2,0,0,0,0,0,0,0,0,0,0,0,0,0,0,0,0,11,69,0,0,0,0,0,0,0
2017,"Anthony Walker Jr.","ILB",5,161,"Northwestern","Big Ten",36,3,73,238,4.65,23,116,4.34,7.23,30.5,0,0,0,0,0,0,0,0,0,0,0,0,154,122,276,38,7.5,4,134,1,12,6,13,1,8,0,0,0,0,0,0,0,0,0,0,0,0
2017,"Bryan Cox Jr.","DE",0,0,"Florida","SEC",35,4,75,265,4.89,16,109,4.46,7.36,26.5,0,0,0,0,0,0,0,0,0,0,0,0,51,48,99,20.5,10,0,0,0,1,2,0,0,3,0,0,0,0,0,0,0,0,0,0,0,0
2017,"Victor Bolden Jr.","WR",0,0,"Oregon State","Pac-12",48,4,68,178,4.54,9,117,4.22,6.83,32,0,0,0,0,0,0,95,727,3,170,1863,7,0,0,0,0,0,0,0,0,0,0,0,0,0,19,186,1,108,2420,3,0,0,0,0,0,0
2017,"Brad Kaaya","QB",6,215,"Miami (FL)","ACC",38,3,76,214,0,0,0,0,0,0,1188,720,9968,69,24,146.2,94,-386,4,0,0,0,0,0,0,0,0,0,0,0,0,0,0,0,0,0,0,0,0,0,0,0,0,0,0,0,0
2017,"Alvin Kamara","RB",3,67,"Tennessee","SEC",24,2,70,214,4.56,15,131,0,0,39.5,0,0,0,0,0,0,210,1294,16,74,683,7,0,0,0,0,0,0,0,0,0,0,0,0,0,1,16,0,26,284,1,0,0,0,0,0,0
2017,"Damontae Kazee","CB",5,149,"San Diego State","MWC",53,4,70,184,4.54,11,124,0,0,34,0,0,0,0,0,0,0,0,0,0,0,0,171,69,240,14.5,0,17,214,2,29,1,0,0,6,0,0,0,5,70,1,0,0,0,0,0,0
2017,"Keith Kelsey","ILB",0,0,"Louisville","ACC",49,4,72,233,4.92,23,112,4.56,7.28,29.5,0,0,0,0,0,0,0,0,0,0,0,0,180,128,308,23,10,0,0,0,10,3,0,0,3,0,0,0,0,0,0,0,0,0,0,0,0
2017,"Kevin King","CB",2,33,"Washington","Pac-12",43,4,75,200,4.43,11,0,3.89,6.56,39.5,0,0,0,0,0,0,0,0,0,0,0,0,103,61,164,9.5,0,6,6,0,22,2,0,0,2,0,0,0,0,0,0,0,0,0,0,0,0
2017,"Desmond King","FS",5,151,"Iowa","Big Ten",53,4,70,201,0,14,117,4.18,6.67,34,0,0,0,0,0,0,0,0,0,0,0,0,174,89,263,9.5,0,14,231,3,33,3,0,0,1,45,504,0,56,1458,0,0,0,0,0,0,0
2017,"George Kittle","TE",5,146,"Iowa","Big Ten",25,4,76,247,4.52,18,132,0,0,35,0,0,0,0,0,0,0,0,0,48,737,10,0,0,0,0,0,0,0,0,0,0,0,0,0,0,0,0,1,-7,0,0,0,0,0,0,0
2017,"DeShone Kizer","QB",2,52,"Notre Dame","Ind",25,2,76,233,4.83,0,107,4.53,7.4,30.5,695,422,5805,47,19,147.7,264,997,18,1,4,0,0,0,0,0,0,0,0,0,0,0,0,0,0,0,0,0,0,0,0,0,0,0,0,0,0
2017,"Trevor Knight","QB",0,0,"Texas A&M","SEC",35,4,73,219,4.54,0,125,4.14,7.04,35.5,362,193,2432,19,7,123.2,102,614,10,0,0,0,0,0,0,0,0,0,0,0,0,0,0,0,0,0,0,0,0,0,0,0,0,0,0,0,0
2017,"Forrest Lamp","OG",2,38,"Western Kentucky","CUSA",0,0,76,309,5,34,111,4.62,7.55,27.5,0,0,0,0,0,0,0,0,0,0,0,0,0,0,0,0,0,0,0,0,0,0,0,0,0,0,0,0,0,0,0,0,0,0,0,0,0
2017,"Ashton Lampkin","CB",0,0,"Oklahoma State","Big 12",49,5,72,189,4.52,19,120,0,0,34.5,0,0,0,0,0,0,0,0,0,0,0,0,88,23,111,1,0,5,79,1,12,1,0,0,2,0,0,0,2,33,0,0,0,0,0,0,0
2017,"Jerome Lane","WR",0,0,"Akron","MAC",30,3,74,226,4.6,16,125,4.12,6.87,35,0,0,0,0,0,0,0,0,0,101,1800,14,0,0,0,0,0,0,0,0,0,0,0,0,0,0,0,0,0,0,0,0,0,0,0,0,0
2017,"Harvey Langi","ILB",0,0,"Brigham Young","Ind",29,3,74,251,0,23,118,4.32,7,33,0,0,0,0,0,0,0,0,0,0,0,0,84,53,137,11.5,6.5,2,21,0,3,0,0,0,1,0,0,0,4,73,0,0,0,0,0,0,0
2017,"Marshon Lattimore","CB",1,11,"Ohio State","Big Ten",16,2,72,193,4.36,0,132,0,0,38.5,0,0,0,0,0,0,0,0,0,0,0,0,34,11,45,1,0,4,61,1,11,0,0,0,0,0,0,0,0,0,0,0,0,0,0,0,0
2017,"Carl Lawson","DE",4,116,"Auburn","SEC",30,3,74,261,4.67,35,114,4.19,7.46,33,0,0,0,0,0,0,0,0,0,0,0,0,35,32,67,24.5,14.5,0,0,0,0,0,0,0,3,0,0,0,0,0,0,0,0,0,0,0,0
2017,"Jeremiah Ledbetter","DT",6,205,"Arkansas","SEC",25,2,75,280,4.84,29,113,4.56,7.55,32.5,0,0,0,0,0,0,0,0,0,0,0,0,41,63,104,15,7.5,0,0,0,3,0,0,0,1,0,0,0,0,0,0,0,0,0,0,0,0
2017,"Marquel Lee","ILB",5,168,"Wake Forest","ACC",46,4,75,240,0,25,118,0,0,31,0,0,0,0,0,0,0,0,0,0,0,0,143,148,291,41,14.5,0,0,0,2,0,0,0,4,0,0,0,0,0,0,0,0,0,0,0,0
2017,"Jordan Leggett","TE",5,150,"Clemson","ACC",44,4,77,258,0,18,114,4.33,7.12,33,0,0,0,0,0,0,0,0,0,112,1598,18,0,0,0,0,0,0,0,0,0,0,0,0,0,0,0,0,2,12,0,0,0,0,0,0,0
2017,"Mitch Leidner","QB",0,0,"Minnesota","Big Ten",47,4,75,226,4.93,0,123,4.25,6.96,34.5,1029,580,7287,36,32,121.2,446,1495,33,2,25,0,0,0,0,0,0,0,0,0,0,0,0,0,0,0,0,0,0,0,0,0,0,0,0,0,0
2017,"Jourdan Lewis","CB",3,92,"Michigan","Big Ten",41,4,70,188,4.54,15,121,0,0,34.5,0,0,0,0,0,0,0,0,0,0,0,0,97,38,135,8.5,1,6,50,1,37,0,0,0,1,2,-1,0,24,529,0,0,0,0,0,0,0
2017,"William Likely","CB",0,0,"Maryland","Big Ten",43,4,67,180,0,15,0,0,0,0,0,0,0,0,0,0,0,0,0,0,0,0,174,55,229,16.5,2,7,170,2,29,1,0,0,5,67,875,4,87,2233,2,0,0,0,0,0,0
2017,"Sefo Liufau","QB",0,0,"Colorado","Pac-12",43,4,75,232,5.08,0,105,4.45,7.32,27,1412,887,9746,60,35,129.9,382,933,13,5,82,1,0,0,0,0,0,0,0,0,0,0,0,0,0,0,0,0,0,0,0,0,0,0,0,0,0
2017,"T.J. Logan","RB",5,179,"North Carolina","ACC",49,4,69,196,4.37,17,121,0,0,33.5,0,0,0,0,0,0,398,2165,19,76,663,4,0,0,0,0,0,0,0,0,0,0,0,0,0,0,0,0,77,2098,5,0,0,0,0,0,0
2017,"Shalom Luani","SS",7,221,"Washington State","Pac-12",25,2,71,202,4.55,12,116,4.21,6.87,31,0,0,0,0,0,0,0,0,0,0,0,0,114,43,157,11.5,2,8,199,1,11,1,0,0,3,0,0,0,1,8,0,0,0,0,0,0,0
2017,"Keevan Lucas","WR",0,0,"Tulsa","American",41,4,69,192,4.55,11,119,4.43,7.23,32.5,0,0,0,0,0,0,33,230,0,240,3250,32,0,0,0,0,0,0,0,0,0,0,0,0,0,0,0,0,5,102,0,0,0,0,0,0,0
2017,"Marlon Mack","RB",4,143,"South Florida","American",36,3,71,213,4.5,15,125,0,0,35.5,0,0,0,0,0,0,586,3609,32,65,498,1,0,0,0,0,0,0,0,0,0,0,0,0,0,0,0,0,0,0,0,0,0,0,0,0,0
2017,"Patrick Mahomes","QB",1,10,"Texas Tech","Big 12",32,3,74,225,4.8,0,114,4.08,6.88,30,1349,857,11252,93,29,152,308,845,22,1,3,0,0,0,0,0,0,0,0,0,0,0,0,0,0,0,0,0,0,0,0,0,0,0,0,0,0
2017,"Josh Malone","WR",4,128,"Tennessee","SEC",32,3,75,208,4.4,10,121,4.19,7.05,30.5,0,0,0,0,0,0,2,11,0,104,1608,14,0,0,0,0,0,0,0,0,0,0,0,0,0,0,0,0,0,0,0,0,0,0,0,0,0
2017,"Damien Mama","OG",0,0,"Southern California","Pac-12",0,0,75,334,5.84,0,96,5.38,8.51,24.5,0,0,0,0,0,0,0,0,0,0,0,0,0,0,0,0,0,0,0,0,0,0,0,0,0,0,0,0,0,0,0,0,0,0,0,0,0
2017,"Gabe Marks","WR",0,0,"Washington State","Pac-12",50,4,71,189,4.56,11,117,4.2,7.01,29.5,0,0,0,0,0,0,3,3,0,316,3453,37,0,0,0,0,0,0,0,0,0,0,0,0,0,0,0,0,11,106,0,0,0,0,0,0,0
2017,"Joe Mathis","DE",0,0,"Washington","Pac-12",28,4,74,266,0,24,0,0,0,0,0,0,0,0,0,0,0,0,0,0,0,0,43,35,78,15.5,9,0,0,0,1,1,0,0,2,0,0,0,0,0,0,0,0,0,0,0,0
2017,"Arthur Maulet","CB",0,0,"Memphis","American",25,2,70,189,4.62,18,120,0,0,34.5,0,0,0,0,0,0,0,0,0,0,0,0,90,19,109,7.5,4.5,4,89,1,19,1,0,0,1,0,0,0,1,24,0,0,0,0,0,0,0
2017,"Marcus Maye","FS",2,39,"Florida","SEC",40,4,72,210,0,0,0,0,0,0,0,0,0,0,0,0,0,0,0,0,0,0,121,84,205,6.5,1,5,37,0,16,2,0,0,6,0,0,0,0,0,0,0,0,0,0,0,0
2017,"Christian McCaffrey","RB",1,8,"Stanford","Pac-12",37,3,71,202,4.48,10,121,4.22,6.57,37.5,0,0,0,0,0,0,632,3922,21,99,1206,10,0,0,0,0,0,0,0,0,0,0,0,0,0,34,380,1,56,1479,1,0,0,0,0,0,0
2017,"Conor McDermott","OT",6,211,"UCLA","0",0,0,80,307,5.18,0,105,4.58,7.52,28.5,0,0,0,0,0,0,0,0,0,0,0,0,0,0,0,0,0,0,0,0,0,0,0,0,0,0,0,0,0,0,0,0,0,0,0,0,0
2017,"Malik McDowell","DT",2,35,"Michigan State","Big Ten",32,3,78,295,4.85,23,112,4.53,7.69,28.5,0,0,0,0,0,0,0,0,0,0,0,0,50,38,88,24.5,7.5,1,13,1,0,0,0,0,2,0,0,0,0,0,0,0,0,0,0,0,0
2017,"Elijah McGuire","RB",6,188,"Louisiana","Sun Belt",51,4,70,214,4.53,15,120,4.56,7.26,36,0,0,0,0,0,0,710,4301,42,130,1394,10,0,0,0,0,0,0,0,0,0,0,0,0,0,3,46,0,28,227,0,0,0,0,0,0,0
2017,"Isaiah McKenzie","WR",5,172,"Georgia","SEC",33,3,67,173,4.42,11,123,4.15,6.64,36,0,0,0,0,0,0,37,329,4,60,823,7,0,0,0,0,0,0,0,0,0,0,0,0,0,16,373,1,59,692,5,0,0,0,0,0,0
2017,"Takkarist McKinley","OLB",1,26,"UCLA","Pac-12",28,3,74,250,4.59,24,122,4.62,7.48,33,0,0,0,0,0,0,0,0,0,0,0,0,80,19,99,28,16,0,0,0,10,1,0,0,6,0,0,0,1,32,0,0,0,0,0,0,0
2017,"Raekwon McMillan","ILB",2,54,"Ohio State","Big Ten",39,3,74,240,4.61,23,121,4.39,7.15,33,0,0,0,0,0,0,0,0,0,0,0,0,136,139,275,18,6,1,24,1,10,1,0,0,2,0,0,0,0,0,0,0,0,0,0,0,0
2017,"Jeremy McNichols","RB",5,162,"Boise State","MWC",34,3,69,214,4.49,0,121,4.28,6.93,35.5,0,0,0,0,0,0,571,3205,44,103,1089,11,0,0,0,0,0,0,0,0,0,0,0,0,0,0,0,0,28,554,0,0,0,0,0,0,0
2017,"Obi Melifonwu","SS",2,56,"Connecticut","American",48,4,76,224,4.4,17,141,0,0,44,0,0,0,0,0,0,0,0,0,0,0,0,221,128,349,11,0,8,37,0,16,2,0,0,2,0,0,0,0,0,0,0,0,0,0,0,0
2017,"Matt Milano","OLB",5,163,"Boston College","ACC",36,4,72,223,4.67,24,126,0,0,35,0,0,0,0,0,0,0,0,0,0,0,0,107,33,140,32.5,14,1,19,1,6,5,0,0,2,0,0,0,1,11,0,0,0,0,0,0,0
2017,"Fabian Moreau","CB",3,81,"UCLA","Pac-12",38,4,72,206,4.35,0,136,4.12,6.94,38,0,0,0,0,0,0,0,0,0,0,0,0,99,50,149,4.5,0,3,32,0,21,0,0,0,2,0,0,0,0,0,0,0,0,0,0,0,0
2017,"Drew Morgan","WR",0,0,"Arkansas","SEC",33,3,72,190,4.74,10,112,4.12,6.85,30,0,0,0,0,0,0,8,28,0,138,1763,14,0,0,0,0,0,0,0,0,0,0,0,0,0,3,58,0,4,37,0,0,0,0,0,0,0
2017,"Taylor Moton","OT",2,64,"Western Michigan","MAC",0,0,77,319,5.18,23,109,4.58,7.73,30.5,0,0,0,0,0,0,0,0,0,0,0,0,0,0,0,0,0,0,0,0,0,0,0,0,0,0,0,0,0,0,0,0,0,0,0,0,0
2017,"Al-Quadin Muhammad","DE",6,196,"Miami (FL)","ACC",17,2,75,253,4.88,22,117,4.47,7.25,30.5,0,0,0,0,0,0,0,0,0,0,0,0,39,21,60,10.5,7,0,0,0,1,0,0,0,1,0,0,0,0,0,0,0,0,0,0,0,0
2017,"Jalen Myrick","CB",7,222,"Minnesota","Big Ten",40,4,70,200,4.28,13,124,4.22,7.06,37.5,0,0,0,0,0,0,0,0,0,0,0,0,67,26,93,8,0.5,5,61,2,21,2,0,0,1,9,44,0,43,1052,1,0,0,0,0,0,0
2017,"Montae Nicholson","SS",4,123,"Michigan State","Big Ten",37,3,74,212,4.42,0,125,0,0,35,0,0,0,0,0,0,0,0,0,0,0,0,109,91,200,4.5,0,4,70,0,4,3,0,0,1,0,0,0,1,17,0,0,0,0,0,0,0
2017,"Hardy Nickerson","ILB",0,0,"Illinois","Big Ten",46,4,72,232,4.78,18,116,4.38,0,33,0,0,0,0,0,0,0,0,0,0,0,0,38,69,107,5.5,2,2,33,0,0,1,0,0,0,0,0,0,0,0,0,0,0,0,0,0,0
2017,"David Njoku","TE",1,29,"Miami (FL)","ACC",22,2,76,246,4.64,21,133,4.34,6.97,37.5,0,0,0,0,0,0,0,0,0,64,1060,9,0,0,0,0,0,0,0,0,0,0,0,0,0,0,0,0,0,0,0,0,0,0,0,0,0
2017,"Speedy Noil","WR",0,0,"Texas A&M","SEC",30,3,71,199,0,18,133,0,0,43.5,0,0,0,0,0,0,1,10,0,88,1134,9,0,0,0,0,0,0,0,0,0,0,0,0,0,17,197,0,43,990,0,0,0,0,0,0,0
2017,"Bradley Northnagel","LS",0,0,"California","0",0,0,74,243,5.3,0,99,0,0,25.5,0,0,0,0,0,0,0,0,0,0,0,0,0,0,0,0,0,0,0,0,0,0,0,0,0,0,0,0,0,0,0,0,0,0,0,0,0
2017,"Noble Nwachukwu","DE",0,0,"West Virginia","Big 12",39,4,73,268,4.83,27,110,0,0,30.5,0,0,0,0,0,0,0,0,0,0,0,0,83,34,117,26.5,13,0,0,0,7,1,0,0,3,0,0,0,0,0,0,0,0,0,0,0,0
2017,"Ifeadi Odenigbo","DE",7,220,"Northwestern","Big Ten",37,4,75,258,4.72,25,128,4.4,7.26,31.5,0,0,0,0,0,0,0,0,0,0,0,0,41,20,61,26.5,23.5,0,0,0,1,2,0,0,5,0,0,0,0,0,0,0,0,0,0,0,0
2017,"Dare Ogunbowale","RB",0,0,"Wisconsin","Big Ten",40,4,71,213,4.65,14,120,4.34,6.99,35,0,0,0,0,0,0,319,1518,13,60,507,2,0,0,0,0,0,0,0,0,0,0,0,0,0,0,0,0,11,232,0,0,0,0,0,0,0
2017,"Tyler Orlosky","C",0,0,"West Virginia","0",0,0,75,298,0,24,0,0,0,0,0,0,0,0,0,0,0,0,0,0,0,0,0,0,0,0,0,0,0,0,0,0,0,0,0,0,0,0,0,0,0,0,0,0,0,0,0
2017,"Scott Orndoff","TE",0,0,"Pittsburgh","ACC",33,4,77,253,4.84,17,112,4.45,7.37,27,0,0,0,0,0,0,0,0,0,58,897,13,0,0,0,0,0,0,0,0,0,0,0,0,0,0,0,0,0,0,0,0,0,0,0,0,0
2017,"Zach Pascal","WR",0,0,"Old Dominion","CUSA",37,3,74,219,4.55,14,126,4.29,7.11,36,0,0,0,0,0,0,38,310,1,193,2664,24,0,0,0,0,0,0,0,0,0,0,0,0,0,0,0,0,32,729,0,0,0,0,0,0,0
2017,"Jabrill Peppers","SS",1,25,"Michigan","Big Ten",27,3,71,213,4.46,19,128,0,0,35.5,0,0,0,0,0,0,0,0,0,0,0,0,86,33,119,18.5,3,1,11,0,11,0,0,0,0,18,483,0,39,510,1,0,0,0,0,0,0
2017,"Samaje Perine","RB",4,114,"Oklahoma","Big 12",36,3,71,233,4.65,30,116,4.37,7.26,33,0,0,0,0,0,0,685,4122,49,40,321,2,0,0,0,0,0,0,0,0,0,0,0,0,0,0,0,0,0,0,0,0,0,0,0,0,0
2017,"Nathan Peterman","QB",5,171,"Pittsburgh","ACC",35,4,74,226,4.82,0,110,4.31,7.14,31,619,378,5142,47,15,151.1,157,518,4,1,13,0,0,0,0,0,0,0,0,0,0,0,0,0,0,0,0,0,0,0,0,0,0,0,0,0,0
2017,"Carroll Phillips","OLB",0,0,"Illinois","Big Ten",28,3,75,242,4.64,23,123,4.37,7.06,30,0,0,0,0,0,0,0,0,0,0,0,0,48,42,90,24.5,12,0,0,0,2,3,0,0,1,0,0,0,0,0,0,0,0,0,0,0,0
2017,"Hayden Plinke","TE",0,0,"Texas-El Paso","CUSA",22,2,76,264,4.97,18,109,4.59,7.55,28,0,0,0,0,0,0,1,-1,0,75,866,8,0,0,0,0,0,0,0,0,0,0,0,0,0,0,0,0,1,3,0,0,0,0,0,0,0
2017,"Ethan Pocic","C",2,58,"LSU","0",0,0,78,310,5.15,26,107,4.81,7.89,27,0,0,0,0,0,0,0,0,0,0,0,0,0,0,0,0,0,0,0,0,0,0,0,0,0,0,0,0,0,0,0,0,0,0,0,0,0
2017,"Ejuan Price","OLB",7,234,"Pittsburgh","ACC",43,4,71,241,4.84,20,117,4.34,0,31.5,0,0,0,0,0,0,0,0,0,0,0,0,92,51,143,53,29.5,0,0,0,3,1,32,1,4,0,0,0,0,0,0,0,0,0,0,0,0
2017,"Donnel Pumphrey","RB",4,132,"San Diego State","MWC",54,4,68,176,4.48,5,117,0,0,33.5,0,0,0,0,0,0,1059,6405,62,99,1039,5,0,0,0,0,0,0,0,0,0,0,0,0,0,0,0,0,5,69,0,0,0,0,0,0,0
2017,"Elijah Qualls","DT",6,214,"Washington","Pac-12",30,3,73,313,5.13,33,105,4.66,7.65,31.5,0,0,0,0,0,0,0,0,0,0,0,0,42,35,77,11.5,7.5,0,0,0,0,0,0,0,0,0,0,0,0,0,0,0,0,0,0,0,0
2017,"James Quick","WR",0,0,"Louisville","ACC",41,4,72,186,4.6,11,115,4.39,7,31,0,0,0,0,0,0,3,17,0,126,2032,14,0,0,0,0,0,0,0,0,0,0,0,0,0,8,156,0,20,148,0,0,0,0,0,0,0
2017,"Ryan Ramczyk","OT",1,32,"Wisconsin","0",0,0,78,310,0,25,0,0,0,0,0,0,0,0,0,0,0,0,0,0,0,0,0,0,0,0,0,0,0,0,0,0,0,0,0,0,0,0,0,0,0,0,0,0,0,0,0
2017,"Michael Rector","WR",0,0,"Stanford","Pac-12",45,4,72,193,4.42,0,129,4.19,6.77,36.5,0,0,0,0,0,0,9,110,1,104,1681,15,0,0,0,0,0,0,0,0,0,0,0,0,0,0,0,0,4,48,0,0,0,0,0,0,0
2017,"Haason Reddick","OLB",1,13,"Temple","American",42,4,73,237,4.52,24,133,4.37,7.01,36.5,0,0,0,0,0,0,0,0,0,0,0,0,99,50,149,47,17.5,1,5,0,5,2,0,0,4,0,0,0,1,17,0,0,0,0,0,0,0
2017,"Devine Redding","RB",0,0,"Indiana","Big Ten",33,3,68,205,4.76,16,116,4.46,7.18,30.5,0,0,0,0,0,0,508,2252,17,40,245,2,0,0,0,0,0,0,0,0,0,0,0,0,0,0,0,0,0,0,0,0,0,0,0,0,0
2017,"Jalen Reeves-Maybin","OLB",4,124,"Tennessee","SEC",39,4,72,230,0,0,0,0,0,0,0,0,0,0,0,0,0,0,0,0,0,0,149,91,240,27,8,1,1,0,4,4,0,0,2,0,0,0,0,0,0,0,0,0,0,0,0
2017,"Austin Rehkow","P",0,0,"Idaho","Sun Belt",48,4,75,214,0,0,0,0,0,0,0,0,0,0,0,0,0,0,0,0,0,0,0,0,0,0,0,0,0,0,0,0,0,0,0,0,0,0,0,0,0,92,76.1,124,5505,135,96.4
2017,"Josh Reynolds","WR",4,117,"Texas A&M","SEC",38,3,75,194,4.52,0,124,4.13,6.83,37,0,0,0,0,0,0,0,0,0,164,2788,30,0,0,0,0,0,0,0,0,0,0,0,0,0,0,0,0,0,0,0,0,0,0,0,0,0
2017,"Duke Riley","OLB",3,75,"LSU","SEC",35,4,72,232,4.58,18,122,4.21,6.89,34.5,0,0,0,0,0,0,0,0,0,0,0,0,59,85,144,10,1.5,1,3,0,1,2,0,0,0,0,0,0,0,0,0,0,0,0,0,0,0
2017,"Michael Roberts","TE",4,127,"Toledo","MAC",27,4,76,270,4.86,0,110,4.51,7.05,30,0,0,0,0,0,0,0,0,0,70,832,22,0,0,0,0,0,0,0,0,0,0,0,0,0,0,0,0,1,8,0,0,0,0,0,0,0
2017,"Jalen Robinette","WR",0,0,"Air Force","MWC",44,4,75,220,4.62,13,120,4.46,6.77,31.5,0,0,0,0,0,0,2,-2,0,120,2697,18,0,0,0,0,0,0,0,0,0,0,0,0,0,2,31,0,3,6,0,0,0,0,0,0,0
2017,"Cam Robinson","OT",2,34,"Alabama","SEC",0,0,78,322,5.15,0,106,4.82,7.81,26,0,0,0,0,0,0,0,0,0,0,0,0,0,0,0,0,0,0,0,0,0,0,0,0,0,0,0,0,0,0,0,0,0,0,0,0,0
2017,"Isaac Rochell","DE",7,225,"Notre Dame","Ind",41,4,76,280,4.89,25,114,0,0,31.5,0,0,0,0,0,0,0,0,0,0,0,0,82,84,166,21,4.5,0,0,0,7,1,0,0,0,0,0,0,0,0,0,0,0,0,0,0,0
2017,"Sam Rogers","FB",6,206,"Virginia Tech","ACC",50,4,70,231,4.93,19,114,4.34,7.27,32,0,0,0,0,0,0,165,692,4,72,802,7,0,0,0,0,0,0,0,0,0,0,0,0,0,0,0,0,1,31,0,0,0,0,0,0,0
2017,"Darreus Rogers","WR",0,0,"Southern California","Pac-12",44,4,73,216,0,8,112,4.54,7.22,26.5,0,0,0,0,0,0,2,6,0,127,1487,11,0,0,0,0,0,0,0,0,0,0,0,0,0,1,11,0,2,10,0,0,0,0,0,0,0
2017,"John Ross","WR",1,9,"Washington","Pac-12",40,3,71,188,4.22,0,133,0,0,37,0,0,0,0,0,0,20,195,2,114,1729,22,0,0,0,0,0,0,0,0,0,0,0,0,0,4,21,0,86,2069,4,0,0,0,0,0,0
2017,"Fred Ross","WR",0,0,"Mississippi State","SEC",42,4,73,213,4.51,10,113,4.28,6.99,35,0,0,0,0,0,0,6,87,1,199,2528,22,0,0,0,0,0,0,0,0,0,0,0,0,0,0,0,0,38,315,1,0,0,0,0,0,0
2017,"Chase Roullier","C",6,199,"Wyoming","0",0,0,76,312,5.54,19,97,4.47,7.6,26.5,0,0,0,0,0,0,0,0,0,0,0,0,0,0,0,0,0,0,0,0,0,0,0,0,0,0,0,0,0,0,0,0,0,0,0,0,0
2017,"Travis Rudolph","WR",0,0,"Florida State","ACC",36,3,72,189,4.65,12,114,4.46,6.93,31.5,0,0,0,0,0,0,0,0,0,153,2311,18,0,0,0,0,0,0,0,0,0,0,0,0,0,0,0,0,1,-1,0,0,0,0,0,0,0
2017,"Cooper Rush","QB",0,0,"Central Michigan","MAC",50,4,75,228,4.93,0,105,4.47,7.23,27,1648,1022,12891,90,55,139.1,215,-118,5,1,1,0,0,0,0,0,0,0,0,0,0,0,0,0,0,0,0,0,0,0,0,0,0,0,0,0,0
2017,"Seth Russell","QB",0,0,"Baylor","Big 12",31,4,75,213,0,0,0,0,0,0,606,345,5461,60,18,159.4,199,1240,20,0,0,0,0,0,0,0,0,0,0,0,0,0,0,0,0,0,0,0,0,0,0,0,0,0,0,0,0
2017,"Curtis Samuel","WR",2,40,"Ohio State","Big Ten",40,3,71,196,4.31,18,119,4.33,7.09,37,0,0,0,0,0,0,172,1286,15,107,1249,9,0,0,0,0,0,0,0,0,0,0,0,0,0,6,19,0,21,453,0,0,0,0,0,0,0
2017,"Artavis Scott","WR",0,0,"Clemson","ACC",42,3,70,193,4.61,13,116,4.49,7.19,31,0,0,0,0,0,0,18,49,1,245,2480,19,0,0,0,0,0,0,0,0,0,0,0,0,0,22,114,0,39,925,0,0,0,0,0,0,0
2017,"Ricky Seals-Jones","WR",0,0,"Texas A&M","SEC",34,4,77,243,4.69,17,121,4.33,7.46,28,0,0,0,0,0,0,0,0,0,123,1442,10,0,0,0,0,0,0,0,0,0,0,0,0,0,0,0,0,1,10,0,0,0,0,0,0,0
2017,"Justin Senior","OT",6,210,"Mississippi State","0",0,0,77,331,5.55,0,98,5.06,8.19,23,0,0,0,0,0,0,0,0,0,0,0,0,0,0,0,0,0,0,0,0,0,0,0,0,0,0,0,0,0,0,0,0,0,0,0,0,0
2017,"David Sharpe","OT",4,129,"Florida","0",0,0,78,343,5.44,19,97,4.78,7.87,20.5,0,0,0,0,0,0,0,0,0,0,0,0,0,0,0,0,0,0,0,0,0,0,0,0,0,0,0,0,0,0,0,0,0,0,0,0,0
2017,"Sojourn Shelton","CB",0,0,"Wisconsin","Big Ten",53,4,69,177,4.51,10,120,4.02,6.92,35,0,0,0,0,0,0,0,0,0,0,0,0,98,31,129,2,0,9,58,0,30,1,0,0,2,0,0,0,4,24,0,0,0,0,0,0,0
2017,"Garrett Sickels","DE",0,0,"Penn State","Big Ten",33,3,75,261,4.9,20,105,4.41,7.21,28,0,0,0,0,0,0,0,0,0,0,0,0,44,50,94,21.5,11.5,0,0,0,1,2,0,0,1,0,0,0,0,0,0,0,0,0,0,0,0
2017,"Nico Siragusa","OG",4,122,"San Diego State","0",0,0,76,319,5.35,28,110,4.56,7.71,32,0,0,0,0,0,0,0,0,0,0,0,0,0,0,0,0,0,0,0,0,0,0,0,0,0,0,0,0,0,0,0,0,0,0,0,0,0
2017,"Dan Skipper","OT",0,0,"Arkansas","SEC",0,0,82,309,5.42,0,97,5.01,7.61,26,0,0,0,0,0,0,0,0,0,0,0,0,0,0,0,0,0,0,0,0,0,0,0,0,0,0,0,0,0,0,0,0,0,0,0,0,0
2017,"Tanzel Smart","DT",6,189,"Tulane","American",42,4,73,296,5.24,22,105,4.57,7.53,27,0,0,0,0,0,0,0,0,0,0,0,0,102,81,183,39.5,9.5,0,0,0,2,2,0,0,3,0,0,0,0,0,0,0,0,0,0,0,0
2017,"Jonnu Smith","TE",3,100,"Florida International","CUSA",43,4,75,248,4.62,22,127,4.18,0,38,0,0,0,0,0,0,1,5,0,178,2001,18,0,0,0,0,0,0,0,0,0,0,0,0,0,0,0,0,1,0,0,0,0,0,0,0,0
2017,"De'Veon Smith","RB",0,0,"Michigan","Big Ten",41,4,71,223,0,22,108,4.56,7.3,29,0,0,0,0,0,0,495,2235,22,38,251,1,0,0,0,0,0,0,0,0,0,0,0,0,0,0,0,0,0,0,0,0,0,0,0,0,0
2017,"JuJu Smith-Schuster","WR",2,62,"Southern California","Pac-12",40,3,73,215,4.54,15,120,0,0,32.5,0,0,0,0,0,0,8,34,0,213,3092,25,0,0,0,0,0,0,0,0,0,0,0,0,0,0,0,0,16,185,0,0,0,0,0,0,0
2017,"Dawuane Smoot","DE",3,68,"Illinois","Big Ten",40,4,75,264,4.77,0,117,4.39,7.18,29.5,0,0,0,0,0,0,0,0,0,0,0,0,71,65,136,38.5,15.5,0,0,0,5,2,0,0,4,0,0,0,0,0,0,0,0,0,0,0,0
2017,"Jeremy Sprinkle","TE",5,154,"Arkansas","SEC",39,4,77,252,4.69,0,116,0,0,29,0,0,0,0,0,0,2,5,0,71,921,11,0,0,0,0,0,0,0,0,0,0,0,0,0,0,0,0,0,0,0,0,0,0,0,0,0
2017,"Jamari Staples","WR",0,0,"Louisville","ACC",34,4,75,195,4.51,0,130,0,0,36,0,0,0,0,0,0,0,0,0,73,1253,5,0,0,0,0,0,0,0,0,0,0,0,0,0,0,0,0,0,0,0,0,0,0,0,0,0
2017,"Freddie Stevenson","FB",0,0,"Florida State","ACC",30,4,72,234,4.75,24,111,4.45,7.65,28,0,0,0,0,0,0,25,132,5,19,160,2,0,0,0,0,0,0,0,0,0,0,0,0,0,0,0,0,4,35,0,0,0,0,0,0,0
2017,"ArDarius Stewart","WR",3,79,"Alabama","SEC",33,3,71,204,4.49,0,124,0,0,34,0,0,0,0,0,0,13,82,0,129,1713,12,0,0,0,0,0,0,0,0,0,0,0,0,0,0,0,0,10,191,0,0,0,0,0,0,0
2017,"Channing Stribling","CB",0,0,"Michigan","Big Ten",36,4,73,188,4.6,5,114,4.56,6.94,31.5,0,0,0,0,0,0,0,0,0,0,0,0,55,14,69,3.5,1,6,91,1,15,0,0,0,1,0,0,0,0,0,0,0,0,0,0,0,0
2017,"Cameron Sutton","CB",3,94,"Tennessee","SEC",44,4,71,188,4.52,11,120,0,6.81,34,0,0,0,0,0,0,0,0,0,0,0,0,111,16,127,13,1,7,35,1,30,2,0,0,3,4,86,0,46,657,3,0,0,0,0,0,0
2017,"Ryan Switzer","WR",4,133,"North Carolina","ACC",53,4,68,181,4.51,11,116,4,6.77,32,0,0,0,0,0,0,25,82,0,243,2903,19,0,0,0,0,0,0,0,0,0,0,0,0,0,2,25,0,99,1082,7,0,0,0,0,0,0
2017,"Teez Tabor","CB",2,53,"Florida","SEC",37,3,72,199,4.62,9,120,0,0,31,0,0,0,0,0,0,0,0,0,0,0,0,65,39,104,11,4,8,129,3,28,3,0,0,1,0,0,0,1,33,0,0,0,0,0,0,0
2017,"Cordrea Tankersley","CB",3,97,"Clemson","ACC",39,4,73,199,4.4,13,121,4.32,7,29.5,0,0,0,0,0,0,0,0,0,0,0,0,90,27,117,10,1,9,72,1,20,0,0,0,0,0,0,0,0,0,0,0,0,0,0,0,0
2017,"Pita Taumoepenu","OLB",6,202,"Utah","Pac-12",16,2,73,243,4.67,24,112,4.33,6.91,28.5,0,0,0,0,0,0,0,0,0,0,0,0,31,14,45,15,13,0,0,0,0,1,0,0,4,0,0,0,0,0,0,0,0,0,0,0,0
2017,"Vincent Taylor","DT",6,194,"Oklahoma State","Big 12",34,3,75,304,5.07,26,108,4.72,7.58,28.5,0,0,0,0,0,0,0,0,0,0,0,0,71,41,112,23,12,0,14,0,2,2,0,0,2,0,0,0,0,0,0,0,0,0,0,0,0
2017,"Trent Taylor","WR",5,177,"Louisiana Tech","CUSA",51,4,68,181,4.63,13,117,4.01,6.74,33,0,0,0,0,0,0,0,0,0,327,4179,32,0,0,0,0,0,0,0,0,0,0,0,0,0,2,16,0,58,482,0,0,0,0,0,0,0
2017,"Taywan Taylor","WR",3,72,"Western Kentucky","CUSA",50,4,71,203,4.5,13,132,4.21,6.57,33.5,0,0,0,0,0,0,14,49,0,253,4234,41,0,0,0,0,0,0,0,0,0,0,0,0,0,0,0,0,6,81,0,0,0,0,0,0,0
2017,"Sam Tevi","OT",6,190,"Utah","Pac-12",0,0,77,311,5.27,15,107,4.6,7.84,26,0,0,0,0,0,0,0,0,0,0,0,0,0,0,0,0,0,0,0,0,0,0,0,0,0,0,0,0,0,0,0,0,0,0,0,0,0
2017,"Solomon Thomas","DE",1,3,"Stanford","Pac-12",26,2,75,273,4.69,30,126,4.28,6.95,35,0,0,0,0,0,0,0,0,0,0,0,0,63,35,98,24.5,12,0,0,0,0,4,34,2,1,0,0,0,0,0,0,0,0,0,0,0,0
2017,"Noel Thomas","WR",0,0,"Connecticut","American",36,4,72,205,4.63,9,118,0,0,32.5,0,0,0,0,0,0,18,82,0,183,2235,10,0,0,0,0,0,0,0,0,0,0,0,0,0,0,0,0,0,0,0,0,0,0,0,0,0
2017,"Jahad Thomas","RB",0,0,"Temple","American",46,4,70,190,4.62,11,116,0,0,32,0,0,0,0,0,0,563,2599,30,69,998,8,0,0,0,0,0,0,0,0,0,0,0,0,0,8,101,0,46,1035,1,0,0,0,0,0,0
2017,"Tedric Thompson","SS",4,111,"Colorado","Pac-12",46,4,72,204,4.6,17,117,4.36,7.11,32.5,0,0,0,0,0,0,0,0,0,0,0,0,157,58,215,7.5,0,13,213,0,26,0,0,0,1,0,0,0,0,0,0,0,0,0,0,0,0
2017,"Jack Tocho","CB",7,245,"North Carolina State","ACC",45,4,72,202,4.54,21,125,0,0,35,0,0,0,0,0,0,0,0,0,0,0,0,98,24,122,2,1,6,58,0,26,0,0,0,0,0,0,0,0,0,0,0,0,0,0,0,0
2017,"Dalvin Tomlinson","DT",2,55,"Alabama","SEC",38,4,75,310,5.19,0,110,4.59,7.68,27,0,0,0,0,0,0,0,0,0,0,0,0,39,83,122,10.5,4,0,0,0,9,0,0,0,1,0,0,0,0,0,0,0,0,0,0,0,0
2017,"Jon Toth","C",0,0,"Kentucky","0",0,0,77,307,5.51,21,100,4.84,8.09,25.5,0,0,0,0,0,0,0,0,0,0,0,0,0,0,0,0,0,0,0,0,0,0,0,0,0,0,0,0,0,0,0,0,0,0,0,0,0
2017,"Damarius Travis","SS",0,0,"Minnesota","Big Ten",39,4,73,206,0,13,115,4.28,7.08,32.5,0,0,0,0,0,0,0,0,0,0,0,0,116,73,189,8,0,4,17,0,13,2,0,0,1,0,0,0,0,0,0,0,0,0,0,0,0
2017,"Mitchell Trubisky","QB",1,2,"North Carolina","ACC",31,3,74,222,4.67,0,116,4.25,6.87,27.5,572,386,4762,41,10,157.6,120,439,8,1,8,0,0,0,0,0,0,0,0,0,0,0,0,0,0,0,0,0,0,0,0,0,0,0,0,0,0
2017,"Stevie Tu'Ikolovatu","DT",7,223,"Southern California","Pac-12",28,3,73,331,5.45,28,91,5,7.83,24.5,0,0,0,0,0,0,0,0,0,0,0,0,29,24,53,2,0.5,0,0,0,1,0,0,0,0,0,0,0,0,0,0,0,0,0,0,0,0
2017,"Michael Tyson","FS",6,187,"Cincinnati","American",39,4,73,204,4.56,17,118,0,0,33,0,0,0,0,0,0,0,0,0,0,0,0,72,65,137,7.5,0,7,134,0,11,1,0,0,0,0,0,0,0,0,0,0,0,0,0,0,0
2017,"Conrad Ukropina","K",0,0,"Stanford","Pac-12",33,4,72,190,0,0,0,0,0,0,0,0,0,0,0,0,0,0,0,0,0,0,0,0,0,0,0,0,0,0,0,0,0,0,0,0,0,0,0,0,0,114,99.1,51,82.4,0,0
2017,"Tanner Vallejo","ILB",6,195,"Boise State","MWC",42,4,73,228,4.67,0,121,4.39,0,33.5,0,0,0,0,0,0,0,0,0,0,0,0,162,113,275,35,5.5,1,63,1,7,3,0,0,2,0,0,0,1,2,0,0,0,0,0,0,0
2017,"Eddie Vanderdoes","DT",3,88,"UCLA","Pac-12",38,4,75,305,4.99,28,111,4.39,7.69,28.5,0,0,0,0,0,0,0,0,0,0,0,0,75,47,122,13.5,4,0,0,0,0,2,0,0,2,0,0,0,0,0,0,0,0,0,0,0,0
2017,"Justin Vogel","P",0,0,"Miami (FL)","ACC",39,3,76,219,4.7,0,0,0,0,34,0,0,0,0,0,0,0,0,0,0,0,0,0,0,0,0,0,0,0,0,0,0,0,0,0,0,0,0,0,0,0,0,0,0,0,183,43
2017,"DeMarcus Walker","DE",2,51,"Florida State","ACC",49,4,76,280,0,18,0,0,0,0,0,0,0,0,0,0,0,0,0,0,0,0,107,72,179,41.5,27,1,0,0,8,2,0,0,7,0,0,0,0,0,0,0,0,0,0,0,0
2017,"Charles Walker","DT",0,0,"Oklahoma","Big 12",21,3,74,310,4.96,25,107,4.96,7.89,28,0,0,0,0,0,0,0,0,0,0,0,0,31,22,53,13,6.5,0,0,0,5,0,0,0,1,0,0,0,0,0,0,0,0,0,0,0,0
2017,"Carlos Watkins","DT",4,142,"Clemson","ACC",40,4,75,309,0,25,0,0,0,0,0,0,0,0,0,0,0,0,0,0,0,0,58,52,110,24.5,14,1,15,1,7,1,0,0,0,0,0,0,0,0,0,0,0,0,0,0,0
2017,"Deshaun Watson","QB",1,12,"Clemson","ACC",38,3,74,221,4.66,0,119,4.31,6.95,32.5,1207,814,10168,90,32,157.5,435,1934,26,0,0,0,0,0,0,0,0,0,0,0,0,0,0,0,0,0,0,0,0,0,0,0,0,0,0,0,0
2017,"T.J. Watt","OLB",1,30,"Wisconsin","Big Ten",22,2,76,252,4.69,21,128,4.13,6.79,37,0,0,0,0,0,0,0,0,0,0,0,0,41,29,70,17,11.5,1,17,1,6,1,0,0,2,0,0,0,0,0,0,0,0,0,0,0,0
2017,"Davis Webb","QB",3,87,"California","Pac-12",35,4,77,229,4.79,0,118,4.21,6.92,33,620,382,4295,37,12,135.6,33,-110,6,0,0,0,0,0,0,0,0,0,0,0,0,0,0,0,0,0,0,0,0,0,0,0,0,0,0,0,0
2017,"Dede Westbrook","WR",4,110,"Oklahoma","Big 12",26,2,72,178,0,0,0,0,0,0,0,0,0,0,0,0,15,118,0,126,2267,21,0,0,0,0,0,0,0,0,0,0,0,0,0,5,81,1,9,244,0,0,0,0,0,0,0
2017,"Chad Wheeler","OT",0,0,"Southern California","0",0,0,79,306,5.48,15,105,5.01,0,20.5,0,0,0,0,0,0,0,0,0,0,0,0,0,0,0,0,0,0,0,0,0,0,0,0,0,0,0,0,0,0,0,0,0,0,0,0,0
2017,"TreDavious White","CB",1,27,"LSU","SEC",48,4,71,192,4.47,16,119,4.32,6.9,32,0,0,0,0,0,0,0,0,0,0,0,0,111,56,167,11,1.5,6,61,1,34,1,0,0,1,0,0,0,69,688,3,0,0,0,0,0,0
2017,"Marquez White","CB",6,216,"Florida State","ACC",31,4,72,194,4.59,0,123,0,0,36,0,0,0,0,0,0,0,0,0,0,0,0,49,16,65,5,0,4,14,0,6,0,0,0,0,0,0,0,2,0,0,0,0,0,0,0,0
2017,"Kermit Whitfield","WR",0,0,"Florida State","ACC",39,3,68,185,4.44,8,120,4.37,7.17,32.5,0,0,0,0,0,0,16,148,1,102,1338,7,0,0,0,0,0,0,0,0,0,0,0,0,0,0,0,0,77,1767,0,0,0,0,0,0,0
2017,"Tim Williams","OLB",3,78,"Alabama","SEC",34,4,75,244,4.68,0,124,4.57,7.36,33.5,0,0,0,0,0,0,0,0,0,0,0,0,38,19,57,30,20,0,0,0,3,1,0,1,2,0,0,0,0,0,0,0,0,0,0,0,0
2017,"Stanley Williams","RB",0,0,"Kentucky","SEC",33,3,67,190,4.51,18,121,4.18,6.86,36,0,0,0,0,0,0,367,2513,18,38,292,2,0,0,0,0,0,0,0,0,0,0,0,0,0,0,0,0,19,511,0,0,0,0,0,0,0
2017,"Mike Williams","WR",1,7,"Clemson","ACC",38,4,76,218,0,15,121,0,0,32.5,0,0,0,0,0,0,0,0,0,177,2727,21,0,0,0,0,0,0,0,0,0,0,0,0,0,0,0,0,0,0,0,0,0,0,0,0,0
2017,"Marcus Williams","FS",2,42,"Utah","Pac-12",34,3,73,202,4.56,14,129,4.2,6.85,43.5,0,0,0,0,0,0,0,0,0,0,0,0,125,63,188,4,0,11,114,0,8,2,0,0,4,0,0,0,0,0,0,0,0,0,0,0,0
2017,"Joe Williams","RB",4,121,"Utah","Pac-12",19,2,71,210,4.41,14,125,4.19,7.19,35,0,0,0,0,0,0,314,1884,13,20,191,0,0,0,0,0,0,0,0,0,0,0,0,0,0,0,0,0,0,0,0,0,0,0,0,0,0
2017,"Jamaal Williams","RB",4,134,"Brigham Young","Ind",43,4,72,212,4.59,0,123,4.53,7.25,30,0,0,0,0,0,0,726,3901,35,60,567,1,0,0,0,0,0,0,0,0,0,0,0,0,0,0,0,0,0,0,0,0,0,0,0,0,0
2017,"Jordan Willis","DE",3,73,"Kansas State","Big 12",38,4,76,255,4.53,24,125,4.28,6.85,39,0,0,0,0,0,0,0,0,0,0,0,0,74,39,113,39.5,25.5,0,0,0,7,2,0,0,6,0,0,0,0,0,0,0,0,0,0,0,0
2017,"Quincy Wilson","CB",2,46,"Florida","SEC",37,3,73,211,4.54,14,118,4.02,6.86,32,0,0,0,0,0,0,0,0,0,0,0,0,47,34,81,4.5,1,6,93,1,14,0,0,0,1,0,0,0,0,0,0,0,0,0,0,0,0
2017,"Jesus Wilson","WR",0,0,"Florida State","ACC",38,4,69,189,4.57,10,119,4.57,0,0,0,0,0,0,0,0,4,17,0,133,1562,8,0,0,0,0,0,0,0,0,0,0,0,0,0,11,255,0,44,383,1,0,0,0,0,0,0
2017,"Howard Wilson","CB",4,126,"Houston","American",27,3,73,184,4.57,0,119,3.94,6.68,33.5,0,0,0,0,0,0,0,0,0,0,0,0,77,30,107,3.5,0,9,63,1,15,2,0,0,0,0,0,0,0,0,0,0,0,0,0,0,0
2017,"Ahkello Witherspoon","CB",3,66,"Colorado","Pac-12",29,3,75,198,4.45,0,127,4.13,6.93,40.5,0,0,0,0,0,0,0,0,0,0,0,0,61,10,71,0,0,3,0,0,24,1,0,0,1,0,0,0,0,0,0,0,0,0,0,0,0
2017,"Xavier Woods","SS",6,191,"Louisiana Tech","CUSA",51,4,71,197,4.54,19,122,4.13,6.72,33.5,0,0,0,0,0,0,0,0,0,0,0,0,181,91,272,20.5,4,14,344,2,18,0,0,1,6,0,0,0,0,0,0,0,0,0,0,0,0
2017,"Chris Wormley","DT",3,74,"Michigan","Big Ten",42,4,77,298,0,23,0,0,0,0,0,0,0,0,0,0,0,0,0,0,0,0,62,57,119,31.5,17.5,0,0,0,2,1,0,0,1,0,0,0,0,0,0,0,0,0,0,0,0
